{
	"schemaVersion": 1,
	"id": "duchessentials",
	"version": "${version}",
	"name": "DuchEssentials",
	"description": "Library mod with utilities, logging, and API helpers for other mods",
	"authors": [
		"Duuchniuk"
	],
	"contact": {
		"homepage": "https://github.com/duuchniuk/duchessentials"
	},
	"license": "MIT",
	"icon": "assets/duchessentials/icon.png",
	"environment": "*",
	"entrypoints": {
		"main": [
			"com.duuchniuk.duchessentials.DuchEssentials"
		]
	},
	"depends": {
		"fabricloader": ">=0.18.4",
		"minecraft": "~1.21.4",
		"java": ">=21"
	}
}